tweet_id,tweet_text,date,user_id,name,follower_count,retweet_count,user_mentions
1374542418280873986,@RepSwalwell WHY? We have elected governing representatives. When this tragedy keeps recurring and the narrative ke https://t.co/uMC8rfDVUT,03/24/2021,48012856,File It!,170,0,"[{'screen_name': 'RepSwalwell', 'name': 'Rep. Eric Swalwell', 'id': 942156122, 'id_str': '942156122', 'indices': [0, 12]}]"
1374542406708760576,@RepSwalwell Every week in Chicago ?,03/24/2021,1079569250107432965,The Repentant Ghost of Karl Marx,782,0,"[{'screen_name': 'RepSwalwell', 'name': 'Rep. Eric Swalwell', 'id': 942156122, 'id_str': '942156122', 'indices': [0, 12]}]"
1374542402514513923,@lizstl13 @atwellorama @TallulahSC @davidmweissman @BudGothmog44 @tedlieu @RepSwalwell @DickDurbin @SenDuckworth https://t.co/EYnP81hKNg,03/24/2021,1025199639191015425,BrotherNumber2,21,0,"[{'screen_name': 'lizstl13', 'name': 'Elizabeth Davidson', 'id': 825339883338268672, 'id_str': '825339883338268672', 'indices': [0, 9]}, {'screen_name': 'atwellorama', 'name': 'Man With No Nameüí•', 'id': 269511432, 'id_str': '269511432', 'indices': [10, 22]}, {'screen_name': 'TallulahSC', 'name': 'TallulahCarolina üåä', 'id': 4913060685, 'id_str': '4913060685', 'indices': [23, 34]}, {'screen_name': 'davidmweissman', 'name': 'David Weissman', 'id': 880018682, 'id_str': '880018682', 'indices': [35, 50]}, {'screen_name': 'BudGothmog44', 'name': 'Bud', 'id': 414221776, 'id_str': '414221776', 'indices': [51, 64]}, {'screen_name': 'tedlieu', 'name': 'Ted Lieu', 'id': 21059255, 'id_str': '21059255', 'indices': [65, 73]}, {'screen_name': 'RepSwalwell', 'name': 'Rep. Eric Swalwell', 'id': 942156122, 'id_str': '942156122', 'indices': [74, 86]}, {'screen_name': 'DickDurbin', 'name': 'Dick Durbin', 'id': 308794407, 'id_str': '308794407', 'indices': [87, 98]}, {'screen_name': 'SenDuckworth', 'name': 'Tammy Duckworth', 'id': 1058520120, 'id_str': '1058520120', 'indices': [99, 112]}]"
1374542340858187779,"@Burghgirl69 @Ty_The_Gamer23 @ohmyrocket @RepSwalwell Good, take it tf away from you.",03/24/2021,924355082,Skye üè¥Û†ÅßÛ†Å¢Û†Å≥Û†Å£Û†Å¥Û†Åøüå∏,82,0,"[{'screen_name': 'Burghgirl69', 'name': 'BitchFaceüòé', 'id': 501785973, 'id_str': '501785973', 'indices': [0, 12]}, {'screen_name': 'Ty_The_Gamer23', 'name': 'Tyler üéÆüèÄüèà', 'id': 994691708230057984, 'id_str': '994691708230057984', 'indices': [13, 28]}, {'screen_name': 'ohmyrocket', 'name': 'ohmyrocket', 'id': 18588127, 'id_str': '18588127', 'indices': [29, 40]}, {'screen_name': 'RepSwalwell', 'name': 'Rep. Eric Swalwell', 'id': 942156122, 'id_str': '942156122', 'indices': [41, 53]}]"
1374542328573091845,@RepSwalwell Call your congressman.,03/24/2021,18069468,NobodySpecial,278,0,"[{'screen_name': 'RepSwalwell', 'name': 'Rep. Eric Swalwell', 'id': 942156122, 'id_str': '942156122', 'indices': [0, 12]}]"
1374542303952441349,Its been 70+ years since the first mass shooting widely publicized in the US. Weve learned nothing https://t.co/n5qSdITzJN,03/24/2021,16977432,Vaughn,2156,0,[]
1374542264094105607,Thank you for your constant attention to this problem. You are one of the people who've been fighting this issue fr https://t.co/hkpQaLy1rl,03/24/2021,21596250,Robin Basham üíõüêù #BidenHarris #MayaWiley,2511,0,[]
1374542245446131714,@RepSwalwell @SenJohnBarrasso @SenLummis @GOP @GOPChairwoman @GOPLeader @LeaderMcConnell Show you care. For once show you care.,03/24/2021,963195188456796161,Janet Davidson,68,0,"[{'screen_name': 'RepSwalwell', 'name': 'Rep. Eric Swalwell', 'id': 942156122, 'id_str': '942156122', 'indices': [0, 12]}, {'screen_name': 'SenJohnBarrasso', 'name': 'Sen. John Barrasso', 'id': 202206694, 'id_str': '202206694', 'indices': [13, 29]}, {'screen_name': 'SenLummis', 'name': 'Senator Cynthia Lummis', 'id': 22831059, 'id_str': '22831059', 'indices': [30, 40]}, {'screen_name': 'GOP', 'name': 'GOP', 'id': 11134252, 'id_str': '11134252', 'indices': [41, 45]}, {'screen_name': 'GOPChairwoman', 'name': 'Ronna McDaniel', 'id': 2353605901, 'id_str': '2353605901', 'indices': [46, 60]}, {'screen_name': 'GOPLeader', 'name': 'Kevin McCarthy', 'id': 19739126, 'id_str': '19739126', 'indices': [61, 71]}, {'screen_name': 'LeaderMcConnell', 'name': 'Leader McConnell', 'id': 1249982359, 'id_str': '1249982359', 'indices': [72, 88]}]"
1374542214840344576,@Trumprehensible @RepSwalwell You think a mass shooter cares about liability insurance? Or any laws?,03/24/2021,1234999066859393025,JustTrumpThings,24,0,"[{'screen_name': 'Trumprehensible', 'name': 'Dan Wiener', 'id': 848522031020814338, 'id_str': '848522031020814338', 'indices': [0, 16]}, {'screen_name': 'RepSwalwell', 'name': 'Rep. Eric Swalwell', 'id': 942156122, 'id_str': '942156122', 'indices': [17, 29]}]"
1374542188554686464,"@jake32393055 @weeziebeezie @JackMeh77637947 @mcrjuk9 @RepSwalwell So yes, please do look at the UK, as an example of how to do better.",03/24/2021,924355082,Skye üè¥Û†ÅßÛ†Å¢Û†Å≥Û†Å£Û†Å¥Û†Åøüå∏,82,0,"[{'screen_name': 'jake32393055', 'name': 'Âê∏‰Ω†ÁöÑÂ¶àÂ¶à', 'id': 1278081931742187522, 'id_str': '1278081931742187522', 'indices': [0, 13]}, {'screen_name': 'weeziebeezie', 'name': 'Sliggett29', 'id': 1311103575758602240, 'id_str': '1311103575758602240', 'indices': [14, 27]}, {'screen_name': 'JackMeh77637947', 'name': 'Jack Mehoff', 'id': 1339625387798753283, 'id_str': '1339625387798753283', 'indices': [28, 44]}, {'screen_name': 'mcrjuk9', 'name': 'M', 'id': 2640280397, 'id_str': '2640280397', 'indices': [45, 53]}, {'screen_name': 'RepSwalwell', 'name': 'Rep. Eric Swalwell', 'id': 942156122, 'id_str': '942156122', 'indices': [54, 66]}]"
1374542078156345344,@jake32393055 @weeziebeezie @JackMeh77637947 @mcrjuk9 @RepSwalwell We had a school shooting in scotland in 1996 and https://t.co/sBszmCVhWP,03/24/2021,924355082,Skye üè¥Û†ÅßÛ†Å¢Û†Å≥Û†Å£Û†Å¥Û†Åøüå∏,82,0,"[{'screen_name': 'jake32393055', 'name': 'Âê∏‰Ω†ÁöÑÂ¶àÂ¶à', 'id': 1278081931742187522, 'id_str': '1278081931742187522', 'indices': [0, 13]}, {'screen_name': 'weeziebeezie', 'name': 'Sliggett29', 'id': 1311103575758602240, 'id_str': '1311103575758602240', 'indices': [14, 27]}, {'screen_name': 'JackMeh77637947', 'name': 'Jack Mehoff', 'id': 1339625387798753283, 'id_str': '1339625387798753283', 'indices': [28, 44]}, {'screen_name': 'mcrjuk9', 'name': 'M', 'id': 2640280397, 'id_str': '2640280397', 'indices': [45, 53]}, {'screen_name': 'RepSwalwell', 'name': 'Rep. Eric Swalwell', 'id': 942156122, 'id_str': '942156122', 'indices': [54, 66]}]"
1374542059772600321,@RepSwalwell do you think if any children of repub congress people were shot they would feel differently?,03/24/2021,522812752,Nasty Jeanne-- Remove LOUIS DEJOY --save the USPS,371,0,"[{'screen_name': 'RepSwalwell', 'name': 'Rep. Eric Swalwell', 'id': 942156122, 'id_str': '942156122', 'indices': [0, 12]}]"
1374542009902399494,"No, America has a mental health crisis that has deepened due to Covid! https://t.co/NPicNEPekk",03/24/2021,1089197873017880581,JeddWest,297,0,[]
1374541985646845954,@RepSwalwell We need gun laws!!!,03/24/2021,118438190,#truthmatters,11,0,"[{'screen_name': 'RepSwalwell', 'name': 'Rep. Eric Swalwell', 'id': 942156122, 'id_str': '942156122', 'indices': [0, 12]}]"
1374541979514703881,@Anewdaw36571218 @RepSwalwell So put me on a watchlist based solely on a constitutionally protected possession?,03/24/2021,1234999066859393025,JustTrumpThings,24,0,"[{'screen_name': 'Anewdaw36571218', 'name': 'This was never a Chinese virus, it was a virus.', 'id': 1351892430979813377, 'id_str': '1351892430979813377', 'indices': [0, 16]}, {'screen_name': 'RepSwalwell', 'name': 'Rep. Eric Swalwell', 'id': 942156122, 'id_str': '942156122', 'indices': [17, 29]}]"
1374541949764567041,RT @JMCHEVALIER: @harrylitman @MuellerSheWrote Baer installed Sherwin to quash the investigation into Egypts donation of $10mil to trumps c,03/24/2021,1362865444697366528,Alex lo,3,17,"[{'screen_name': 'JMCHEVALIER', 'name': 'J-M Chevalier', 'id': 35205279, 'id_str': '35205279', 'indices': [3, 15]}, {'screen_name': 'harrylitman', 'name': 'Harry Litman', 'id': 817787882395955200, 'id_str': '817787882395955200', 'indices': [17, 29]}, {'screen_name': 'MuellerSheWrote', 'name': 'Mueller, She Wrote', 'id': 926164634570067968, 'id_str': '926164634570067968', 'indices': [30, 46]}]"
1374541890905726976,@RepSwalwell We have a crisis of republicans not caring,03/24/2021,222428434,KMorin,165,0,"[{'screen_name': 'RepSwalwell', 'name': 'Rep. Eric Swalwell', 'id': 942156122, 'id_str': '942156122', 'indices': [0, 12]}]"
1374541888728887300,Everyday. https://t.co/dDdTWBHB0n,03/24/2021,194783596,Elliot,276,0,[]
1374541883645464577,"@RepSwalwell ***Attention Dems &amp; Indeps***
@SenateDems @HouseDemocrats
""You cant go 50/50 with no Ho""
Lyric by Drak https://t.co/AA5DwWZ9PX",03/24/2021,1295733176376135680,GLJ,64,0,"[{'screen_name': 'RepSwalwell', 'name': 'Rep. Eric Swalwell', 'id': 942156122, 'id_str': '942156122', 'indices': [0, 12]}, {'screen_name': 'SenateDems', 'name': 'Senate Democrats', 'id': 73238146, 'id_str': '73238146', 'indices': [47, 58]}, {'screen_name': 'HouseDemocrats', 'name': 'House Democrats', 'id': 43963249, 'id_str': '43963249', 'indices': [59, 74]}]"
1374541815584587778,@RepSwalwell Colorado already has all those laws and it didnt work,03/24/2021,1234999066859393025,JustTrumpThings,24,0,"[{'screen_name': 'RepSwalwell', 'name': 'Rep. Eric Swalwell', 'id': 942156122, 'id_str': '942156122', 'indices': [0, 12]}]"
1374541757573033986,@RepSwalwell Guns are weapons of mass destruction.,03/24/2021,1088224785794879488,ron@yourgoodhealthco.com,13,0,"[{'screen_name': 'RepSwalwell', 'name': 'Rep. Eric Swalwell', 'id': 942156122, 'id_str': '942156122', 'indices': [0, 12]}]"
1374541656658116611,RT @RepSwalwell: We have a mass shooting crisis in America.,03/24/2021,942156122,Rep. Eric Swalwell,1058068,3813,"[{'screen_name': 'RepSwalwell', 'name': 'Rep. Eric Swalwell', 'id': 942156122, 'id_str': '942156122', 'indices': [3, 15]}]"
1374541577603846153,RT @JMCHEVALIER: @harrylitman @MuellerSheWrote Baer installed Sherwin to quash the investigation into Egypts donation of $10mil to trumps c,03/24/2021,907994798530879488,Sparkyman,2672,17,"[{'screen_name': 'JMCHEVALIER', 'name': 'J-M Chevalier', 'id': 35205279, 'id_str': '35205279', 'indices': [3, 15]}, {'screen_name': 'harrylitman', 'name': 'Harry Litman', 'id': 817787882395955200, 'id_str': '817787882395955200', 'indices': [17, 29]}, {'screen_name': 'MuellerSheWrote', 'name': 'Mueller, She Wrote', 'id': 926164634570067968, 'id_str': '926164634570067968', 'indices': [30, 46]}]"
1374541519139581957,@RepSwalwell I think republicans dont want to give up there guns because they want to be able to have January 6th https://t.co/GOKzEqJbmT,03/24/2021,50135786,Peggy Rivera,252,0,"[{'screen_name': 'RepSwalwell', 'name': 'Rep. Eric Swalwell', 'id': 942156122, 'id_str': '942156122', 'indices': [0, 12]}]"
1374541500630007809,We have a mass political incompetency crisis in America. https://t.co/3a3cWaItqY,03/24/2021,2768269526,Dave Johnson,3514,0,[]
1374540754320777217,Amen! And a voter suppression crisis as well. #CommonSenseGunLaws #EndVoterSuppression https://t.co/h2Wle0iUd3,03/24/2021,298802449,Ev McCaffrey Pape,193,0,[]
1374540097706721281,"Too bad 50% of the Senate doesnt care about future victims.

#Boulder
#EnoughIsEnough https://t.co/7lWpfuhxp2",03/24/2021,14208443,Michael ‚òòÔ∏è Burkhardt,193,0,[]
1374540048490635265,@RepSwalwell Uniquely American unfortunately ,03/24/2021,236089598,Culinary Musing Mom,144,0,"[{'screen_name': 'RepSwalwell', 'name': 'Rep. Eric Swalwell', 'id': 942156122, 'id_str': '942156122', 'indices': [0, 12]}]"
1374540009567612935,RT @JMCHEVALIER: @harrylitman @MuellerSheWrote Baer installed Sherwin to quash the investigation into Egypts donation of $10mil to trumps c,03/24/2021,322659869,ChuckOfMN,89,17,"[{'screen_name': 'JMCHEVALIER', 'name': 'J-M Chevalier', 'id': 35205279, 'id_str': '35205279', 'indices': [3, 15]}, {'screen_name': 'harrylitman', 'name': 'Harry Litman', 'id': 817787882395955200, 'id_str': '817787882395955200', 'indices': [17, 29]}, {'screen_name': 'MuellerSheWrote', 'name': 'Mueller, She Wrote', 'id': 926164634570067968, 'id_str': '926164634570067968', 'indices': [30, 46]}]"
1374538986438397954,"@davidmweissman @tedlieu @RepSwalwell @DickDurbin @SenDuckworth @votevets @AdamKinzinger @AOC @IlhanMN It doesnt, https://t.co/mOurshMFn4",03/24/2021,1360992770035392514,NeanderthalThinkingDeplorable,22,0,"[{'screen_name': 'davidmweissman', 'name': 'David Weissman', 'id': 880018682, 'id_str': '880018682', 'indices': [0, 15]}, {'screen_name': 'tedlieu', 'name': 'Ted Lieu', 'id': 21059255, 'id_str': '21059255', 'indices': [16, 24]}, {'screen_name': 'RepSwalwell', 'name': 'Rep. Eric Swalwell', 'id': 942156122, 'id_str': '942156122', 'indices': [25, 37]}, {'screen_name': 'DickDurbin', 'name': 'Dick Durbin', 'id': 308794407, 'id_str': '308794407', 'indices': [38, 49]}, {'screen_name': 'SenDuckworth', 'name': 'Tammy Duckworth', 'id': 1058520120, 'id_str': '1058520120', 'indices': [50, 63]}, {'screen_name': 'votevets', 'name': 'VoteVets', 'id': 16513335, 'id_str': '16513335', 'indices': [64, 73]}, {'screen_name': 'AdamKinzinger', 'name': 'Adam Kinzinger', 'id': 18004222, 'id_str': '18004222', 'indices': [74, 88]}, {'screen_name': 'AOC', 'name': 'Alexandria Ocasio-Cortez', 'id': 138203134, 'id_str': '138203134', 'indices': [89, 93]}, {'screen_name': 'IlhanMN', 'name': 'Ilhan Omar', 'id': 783792992, 'id_str': '783792992', 'indices': [94, 102]}]"
1374538833480581121,"Americans send people to Congress to represent them.

Get rid of the lobbyists, and start representing the constitu https://t.co/4oe3Dd74Mr",03/24/2021,831177115806621696,lnordstrom,333,0,[]
1374538530014199812,RT @JMCHEVALIER: @harrylitman @MuellerSheWrote Baer installed Sherwin to quash the investigation into Egypts donation of $10mil to trumps c,03/24/2021,1558916702,Dorothy Nelson,3624,17,"[{'screen_name': 'JMCHEVALIER', 'name': 'J-M Chevalier', 'id': 35205279, 'id_str': '35205279', 'indices': [3, 15]}, {'screen_name': 'harrylitman', 'name': 'Harry Litman', 'id': 817787882395955200, 'id_str': '817787882395955200', 'indices': [17, 29]}, {'screen_name': 'MuellerSheWrote', 'name': 'Mueller, She Wrote', 'id': 926164634570067968, 'id_str': '926164634570067968', 'indices': [30, 46]}]"
1374538309125304324,@rockchics @sandibachom @60Minutes @KamalaHarris @VP @TeamPelosi @SpeakerPelosi @RepAdamSchiff @POTUS @JoeBiden https://t.co/lajF6VtHGl,03/24/2021,3070137476,Joanie's Catering,546,0,"[{'screen_name': 'rockchics', 'name': 'rockchics', 'id': 30043230, 'id_str': '30043230', 'indices': [0, 10]}, {'screen_name': 'sandibachom', 'name': 'Sandi Bachom', 'id': 17027632, 'id_str': '17027632', 'indices': [11, 23]}, {'screen_name': '60Minutes', 'name': '60 Minutes', 'id': 18812572, 'id_str': '18812572', 'indices': [24, 34]}, {'screen_name': 'KamalaHarris', 'name': 'Kamala Harris', 'id': 30354991, 'id_str': '30354991', 'indices': [35, 48]}, {'screen_name': 'VP', 'name': 'Vice President Kamala Harris', 'id': 803694179079458816, 'id_str': '803694179079458816', 'indices': [49, 52]}, {'screen_name': 'TeamPelosi', 'name': 'Nancy Pelosi', 'id': 2461810448, 'id_str': '2461810448', 'indices': [53, 64]}, {'screen_name': 'SpeakerPelosi', 'name': 'Nancy Pelosi', 'id': 15764644, 'id_str': '15764644', 'indices': [65, 79]}, {'screen_name': 'RepAdamSchiff', 'name': 'Adam Schiff', 'id': 29501253, 'id_str': '29501253', 'indices': [80, 94]}, {'screen_name': 'POTUS', 'name': 'President Biden', 'id': 1349149096909668363, 'id_str': '1349149096909668363', 'indices': [95, 101]}, {'screen_name': 'JoeBiden', 'name': 'Joe Biden', 'id': 939091, 'id_str': '939091', 'indices': [102, 111]}]"
1374537914722484224,RT @JMCHEVALIER: @harrylitman @MuellerSheWrote Baer installed Sherwin to quash the investigation into Egypts donation of $10mil to trumps c,03/24/2021,946515144,John Becker,135,17,"[{'screen_name': 'JMCHEVALIER', 'name': 'J-M Chevalier', 'id': 35205279, 'id_str': '35205279', 'indices': [3, 15]}, {'screen_name': 'harrylitman', 'name': 'Harry Litman', 'id': 817787882395955200, 'id_str': '817787882395955200', 'indices': [17, 29]}, {'screen_name': 'MuellerSheWrote', 'name': 'Mueller, She Wrote', 'id': 926164634570067968, 'id_str': '926164634570067968', 'indices': [30, 46]}]"
1374537891234377728,RT @EDutiaume: And the GOP doesnt want to talk about it. As well as @Sen_JoeManchin and others. CALL YOUR SENATORS TODAY AND DEMAND IMMEDI,03/24/2021,857936728165896204,Joni Skibo/LaCroix,6020,1,"[{'screen_name': 'EDutiaume', 'name': 'ethel dutiaume', 'id': 1086011425661820930, 'id_str': '1086011425661820930', 'indices': [3, 13]}, {'screen_name': 'Sen_JoeManchin', 'name': 'Senator Joe Manchin', 'id': 234374703, 'id_str': '234374703', 'indices': [69, 84]}]"
1374537850234937350,@RepSwalwell Why Id DJTJ talking about his dad like that?,03/24/2021,120017696,knick-nack,18,0,"[{'screen_name': 'RepSwalwell', 'name': 'Rep. Eric Swalwell', 'id': 942156122, 'id_str': '942156122', 'indices': [0, 12]}]"
1374537683716870144,RT @sdbunting: Trialing the brand new @GEHealthcare @vscan air today. Very impressed with image quality from such a small unit. A selection,03/24/2021,1364209124259454980,Madhumita Gupta,7,5,"[{'screen_name': 'sdbunting', 'name': 'Stephen Bunting', 'id': 1011538986, 'id_str': '1011538986', 'indices': [3, 13]}, {'screen_name': 'GEHealthcare', 'name': 'GE Healthcare', 'id': 15383592, 'id_str': '15383592', 'indices': [38, 51]}, {'screen_name': 'vscan', 'name': 'GE Healthcare Vscan Family', 'id': 1101168595625746433, 'id_str': '1101168595625746433', 'indices': [52, 58]}]"
1374537662183272453,@RepSwalwell Tell Joe Manchin!,03/24/2021,1519542536,Noel Butt,92,0,"[{'screen_name': 'RepSwalwell', 'name': 'Rep. Eric Swalwell', 'id': 942156122, 'id_str': '942156122', 'indices': [0, 12]}]"
1374537455001604096,@RepSwalwell Sadly we hear these same words over and over and over. Gop hates our country.,03/24/2021,3124540407,Lizeeüêò‚òÉÔ∏è,2123,0,"[{'screen_name': 'RepSwalwell', 'name': 'Rep. Eric Swalwell', 'id': 942156122, 'id_str': '942156122', 'indices': [0, 12]}]"
1374536791169015810,"RT @haprees: @RepSwalwell @GOPLeader The @GOP Leader, just like Leader @LeaderMcConnell is a loser. They played an integral role in pla",03/24/2021,66876341,Hywel ap Rees,2094,1,"[{'screen_name': 'haprees', 'name': 'Hywel ap Rees', 'id': 66876341, 'id_str': '66876341', 'indices': [3, 11]}, {'screen_name': 'RepSwalwell', 'name': 'Rep. Eric Swalwell', 'id': 942156122, 'id_str': '942156122', 'indices': [13, 25]}, {'screen_name': 'GOPLeader', 'name': 'Kevin McCarthy', 'id': 19739126, 'id_str': '19739126', 'indices': [26, 36]}, {'screen_name': 'GOP', 'name': 'GOP', 'id': 11134252, 'id_str': '11134252', 'indices': [41, 45]}, {'screen_name': 'LeaderMcConnell', 'name': 'Leader McConnell', 'id': 1249982359, 'id_str': '1249982359', 'indices': [75, 91]}]"
1374536768888827906,"@pamgray55 @AdamKinzinger @RepSwalwell My point was that the US is not perfect, so dont judge its actions against https://t.co/zHL2Sge17U",03/24/2021,972575278483390464,wailer,199,0,"[{'screen_name': 'pamgray55', 'name': 'Pam Gray', 'id': 2375972022, 'id_str': '2375972022', 'indices': [0, 10]}, {'screen_name': 'AdamKinzinger', 'name': 'Adam Kinzinger', 'id': 18004222, 'id_str': '18004222', 'indices': [11, 25]}, {'screen_name': 'RepSwalwell', 'name': 'Rep. Eric Swalwell', 'id': 942156122, 'id_str': '942156122', 'indices': [26, 38]}]"
1374536752258453505,RT @JMCHEVALIER: @harrylitman @MuellerSheWrote Baer installed Sherwin to quash the investigation into Egypts donation of $10mil to trumps c,03/24/2021,29877533,Jack üåäüåäüåäüåä #FBResist üá∫üá∏üá∫üá∏,3817,17,"[{'screen_name': 'JMCHEVALIER', 'name': 'J-M Chevalier', 'id': 35205279, 'id_str': '35205279', 'indices': [3, 15]}, {'screen_name': 'harrylitman', 'name': 'Harry Litman', 'id': 817787882395955200, 'id_str': '817787882395955200', 'indices': [17, 29]}, {'screen_name': 'MuellerSheWrote', 'name': 'Mueller, She Wrote', 'id': 926164634570067968, 'id_str': '926164634570067968', 'indices': [30, 46]}]"
1374536749259616256,Under your guidance of kowtowing it ain't gonna happen. Stop taking @RepSwalwell to Chinese Buffet!! https://t.co/nRSbGopVz5,03/24/2021,3286446542,Bill Romeo,403,0,"[{'screen_name': 'RepSwalwell', 'name': 'Rep. Eric Swalwell', 'id': 942156122, 'id_str': '942156122', 'indices': [68, 80]}]"
1374536441036894208,RT @JMCHEVALIER: @harrylitman @MuellerSheWrote Baer installed Sherwin to quash the investigation into Egypts donation of $10mil to trumps c,03/24/2021,419278684,Trump Is a Grifter! Wear a mask people,171,17,"[{'screen_name': 'JMCHEVALIER', 'name': 'J-M Chevalier', 'id': 35205279, 'id_str': '35205279', 'indices': [3, 15]}, {'screen_name': 'harrylitman', 'name': 'Harry Litman', 'id': 817787882395955200, 'id_str': '817787882395955200', 'indices': [17, 29]}, {'screen_name': 'MuellerSheWrote', 'name': 'Mueller, She Wrote', 'id': 926164634570067968, 'id_str': '926164634570067968', 'indices': [30, 46]}]"
1374536337194418178,RT @JMCHEVALIER: @harrylitman @MuellerSheWrote Baer installed Sherwin to quash the investigation into Egypts donation of $10mil to trumps c,03/24/2021,708428554,John Westermann,886,17,"[{'screen_name': 'JMCHEVALIER', 'name': 'J-M Chevalier', 'id': 35205279, 'id_str': '35205279', 'indices': [3, 15]}, {'screen_name': 'harrylitman', 'name': 'Harry Litman', 'id': 817787882395955200, 'id_str': '817787882395955200', 'indices': [17, 29]}, {'screen_name': 'MuellerSheWrote', 'name': 'Mueller, She Wrote', 'id': 926164634570067968, 'id_str': '926164634570067968', 'indices': [30, 46]}]"
1374536090275680260,"RT @davidmweissman: Ok Republicans, where in the United States Constitution does it say that National background checks are illegal? I'll w",03/24/2021,1177237392689946624,Kathy,256,251,"[{'screen_name': 'davidmweissman', 'name': 'David Weissman', 'id': 880018682, 'id_str': '880018682', 'indices': [3, 18]}]"
1374535970461257733,@RepSwalwell We have a China spy in congress....you!,03/24/2021,946104777737457664,Mark,18,0,"[{'screen_name': 'RepSwalwell', 'name': 'Rep. Eric Swalwell', 'id': 942156122, 'id_str': '942156122', 'indices': [0, 12]}]"
1374535761958072324,"@SlugButter1 @dwightivy_ivy @RepSwalwell And actually, YES, ammunition is covered u der the 2A. Its been held up in https://t.co/VMf2brSfNc",03/24/2021,1112066775091339264,Taz480,11,0,"[{'screen_name': 'SlugButter1', 'name': 'SlugButter', 'id': 1101131478996566016, 'id_str': '1101131478996566016', 'indices': [0, 12]}, {'screen_name': 'dwightivy_ivy', 'name': 'dwight ivy', 'id': 931123561, 'id_str': '931123561', 'indices': [13, 27]}, {'screen_name': 'RepSwalwell', 'name': 'Rep. Eric Swalwell', 'id': 942156122, 'id_str': '942156122', 'indices': [28, 40]}]"
1374535661575929858,@RepSwalwell Um yeah. Annually.,03/24/2021,819244947085918210,jerryohearn@hotmail.com,15,0,"[{'screen_name': 'RepSwalwell', 'name': 'Rep. Eric Swalwell', 'id': 942156122, 'id_str': '942156122', 'indices': [0, 12]}]"
1374535459121008645,"@RepSwalwell @richardharris69 No, You have a terrorist crisis",03/24/2021,342380073,Lyrical,1185,0,"[{'screen_name': 'RepSwalwell', 'name': 'Rep. Eric Swalwell', 'id': 942156122, 'id_str': '942156122', 'indices': [0, 12]}, {'screen_name': 'richardharris69', 'name': 'Richard Harris', 'id': 3145732270, 'id_str': '3145732270', 'indices': [13, 29]}]"
1374534827324608512,RT @JMCHEVALIER: @harrylitman @MuellerSheWrote Baer installed Sherwin to quash the investigation into Egypts donation of $10mil to trumps c,03/24/2021,1558864796,SCOTT MUHS,121,17,"[{'screen_name': 'JMCHEVALIER', 'name': 'J-M Chevalier', 'id': 35205279, 'id_str': '35205279', 'indices': [3, 15]}, {'screen_name': 'harrylitman', 'name': 'Harry Litman', 'id': 817787882395955200, 'id_str': '817787882395955200', 'indices': [17, 29]}, {'screen_name': 'MuellerSheWrote', 'name': 'Mueller, She Wrote', 'id': 926164634570067968, 'id_str': '926164634570067968', 'indices': [30, 46]}]"
1374534727269376004,"@wailer1964 @AdamKinzinger @RepSwalwell I stand corrected.  My tweet should have read, the US hasn't downed any com https://t.co/4MggPWytPT",03/24/2021,2375972022,Pam Gray,17,0,"[{'screen_name': 'wailer1964', 'name': 'wailer', 'id': 972575278483390464, 'id_str': '972575278483390464', 'indices': [0, 11]}, {'screen_name': 'AdamKinzinger', 'name': 'Adam Kinzinger', 'id': 18004222, 'id_str': '18004222', 'indices': [12, 26]}, {'screen_name': 'RepSwalwell', 'name': 'Rep. Eric Swalwell', 'id': 942156122, 'id_str': '942156122', 'indices': [27, 39]}]"
1374534434888634373,Those who don't learn from history are doomed to repeat it! I read that many moons ago and it is so true here. Is i https://t.co/Jm89HylE5m,03/24/2021,53272646,Dr. Stephen Grinstead,701,0,[]
1374534416551272449,RT @rockchics: @sandibachom @60Minutes @kamalaharris @VP @TeamPelosi @SpeakerPelosi @RepAdamSchiff @POTUS @joeBiden @SenWhitehouse @tedlieu,03/24/2021,2794620122,Dee (DemocracyüóΩReturned 2 social media~Jan. 2019),1159,1,"[{'screen_name': 'rockchics', 'name': 'rockchics', 'id': 30043230, 'id_str': '30043230', 'indices': [3, 13]}, {'screen_name': 'sandibachom', 'name': 'Sandi Bachom', 'id': 17027632, 'id_str': '17027632', 'indices': [15, 27]}, {'screen_name': '60Minutes', 'name': '60 Minutes', 'id': 18812572, 'id_str': '18812572', 'indices': [28, 38]}, {'screen_name': 'KamalaHarris', 'name': 'Kamala Harris', 'id': 30354991, 'id_str': '30354991', 'indices': [39, 52]}, {'screen_name': 'VP', 'name': 'Vice President Kamala Harris', 'id': 803694179079458816, 'id_str': '803694179079458816', 'indices': [53, 56]}, {'screen_name': 'TeamPelosi', 'name': 'Nancy Pelosi', 'id': 2461810448, 'id_str': '2461810448', 'indices': [57, 68]}, {'screen_name': 'SpeakerPelosi', 'name': 'Nancy Pelosi', 'id': 15764644, 'id_str': '15764644', 'indices': [69, 83]}, {'screen_name': 'RepAdamSchiff', 'name': 'Adam Schiff', 'id': 29501253, 'id_str': '29501253', 'indices': [84, 98]}, {'screen_name': 'POTUS', 'name': 'President Biden', 'id': 1349149096909668363, 'id_str': '1349149096909668363', 'indices': [99, 105]}, {'screen_name': 'JoeBiden', 'name': 'Joe Biden', 'id': 939091, 'id_str': '939091', 'indices': [106, 115]}, {'screen_name': 'SenWhitehouse', 'name': 'Sheldon Whitehouse', 'id': 242555999, 'id_str': '242555999', 'indices': [116, 130]}, {'screen_name': 'tedlieu', 'name': 'Ted Lieu', 'id': 21059255, 'id_str': '21059255', 'indices': [131, 139]}]"
1374533605091840004,"The harder it is to buy a gun immediately, the lower the chance of a crazy person killing innocent people. https://t.co/hab3UOGJTC",03/24/2021,103965893,Truth Seeker,686,0,[]
1374533586351616003,@RepSwalwell Still* have.,03/24/2021,175644940,CombativeToneWoman.,492,0,"[{'screen_name': 'RepSwalwell', 'name': 'Rep. Eric Swalwell', 'id': 942156122, 'id_str': '942156122', 'indices': [0, 12]}]"
1374533515845410816,RT @JMCHEVALIER: @harrylitman @MuellerSheWrote Baer installed Sherwin to quash the investigation into Egypts donation of $10mil to trumps c,03/24/2021,829787368588603392,Kari Rothermel,1074,17,"[{'screen_name': 'JMCHEVALIER', 'name': 'J-M Chevalier', 'id': 35205279, 'id_str': '35205279', 'indices': [3, 15]}, {'screen_name': 'harrylitman', 'name': 'Harry Litman', 'id': 817787882395955200, 'id_str': '817787882395955200', 'indices': [17, 29]}, {'screen_name': 'MuellerSheWrote', 'name': 'Mueller, She Wrote', 'id': 926164634570067968, 'id_str': '926164634570067968', 'indices': [30, 46]}]"
1374533386925174788,"@RepSwalwell Again, Im almost numb to it...",03/24/2021,476186601,Sevven,204,0,"[{'screen_name': 'RepSwalwell', 'name': 'Rep. Eric Swalwell', 'id': 942156122, 'id_str': '942156122', 'indices': [0, 12]}]"
1374533205844402179,@RepSwalwell Mass Shooting Pandemic,03/24/2021,1193324669639618560,julienoir,175,0,"[{'screen_name': 'RepSwalwell', 'name': 'Rep. Eric Swalwell', 'id': 942156122, 'id_str': '942156122', 'indices': [0, 12]}]"
1374533112907116549,@JoeBiden @KamalaHarris THIS is why it's so hard for democrats to get elected! If you won't fight for yourselves ag https://t.co/gX6fuiqi4J,03/24/2021,37032120,Peachy,4735,0,"[{'screen_name': 'JoeBiden', 'name': 'Joe Biden', 'id': 939091, 'id_str': '939091', 'indices': [0, 9]}, {'screen_name': 'KamalaHarris', 'name': 'Kamala Harris', 'id': 30354991, 'id_str': '30354991', 'indices': [10, 23]}]"
1374532764557406211,RT @TruBluMarin: @RepSwalwell Isnt it starting to look like youre not gonna get anything done at all unless you do something with the fil,03/24/2021,808151703568584704,Michael B,46,1,"[{'screen_name': 'TruBluMarin', 'name': 'Kat', 'id': 3409934584, 'id_str': '3409934584', 'indices': [3, 15]}, {'screen_name': 'RepSwalwell', 'name': 'Rep. Eric Swalwell', 'id': 942156122, 'id_str': '942156122', 'indices': [17, 29]}]"
1374532400139620353,@AtlantaGreen @EricG1247 @GOP @DevinNunes Work with the FBI to thwart a Chinese spy - thats the behavior that https://t.co/TfwJqRDWnW,03/24/2021,1057334621602492417,"Bully, Coward & Victim - Specter of Roy Cohn",234,0,"[{'screen_name': 'AtlantaGreen', 'name': 'Openly Black in the A (Green)', 'id': 2541901690, 'id_str': '2541901690', 'indices': [0, 13]}, {'screen_name': 'EricG1247', 'name': 'Eric Garcia for Congress', 'id': 1177439542921445377, 'id_str': '1177439542921445377', 'indices': [14, 24]}, {'screen_name': 'GOP', 'name': 'GOP', 'id': 11134252, 'id_str': '11134252', 'indices': [25, 29]}, {'screen_name': 'DevinNunes', 'name': 'Devin Nunes', 'id': 54412900, 'id_str': '54412900', 'indices': [30, 41]}]"
1374532337891966979,"@RepSwalwell 

Please Listen!

We have a high capacity magazine Crisis in America

@HouseDemocrats   @JoeBiden https://t.co/v7ns6W1Wk0",03/24/2021,1149433387356172288,Sara Warren,300,0,"[{'screen_name': 'RepSwalwell', 'name': 'Rep. Eric Swalwell', 'id': 942156122, 'id_str': '942156122', 'indices': [0, 12]}, {'screen_name': 'HouseDemocrats', 'name': 'House Democrats', 'id': 43963249, 'id_str': '43963249', 'indices': [83, 98]}, {'screen_name': 'JoeBiden', 'name': 'Joe Biden', 'id': 939091, 'id_str': '939091', 'indices': [101, 110]}]"
1374532136594767875,@RepSwalwell Why dont you and your liberal comrades come on over here to Texas and attempt to take our guns...see how that works out for ya,03/24/2021,742857797675581440,CHAD LOGAN,6,0,"[{'screen_name': 'RepSwalwell', 'name': 'Rep. Eric Swalwell', 'id': 942156122, 'id_str': '942156122', 'indices': [0, 12]}]"
1374532044563308546,"@fantasmagris1 @RepSwalwell In 22 years 1,300 were killed in mass gun shootings , auto accidents ? Over 880,000. We need car control !",03/24/2021,1374341231300517891,bubba gump,1,0,"[{'screen_name': 'fantasmagris1', 'name': 'John Gray', 'id': 242562591, 'id_str': '242562591', 'indices': [0, 14]}, {'screen_name': 'RepSwalwell', 'name': 'Rep. Eric Swalwell', 'id': 942156122, 'id_str': '942156122', 'indices': [15, 27]}]"
1374532044252975108,"Yes we do, we really do. https://t.co/pqQQql6fJL",03/24/2021,2558273076,üè¥‚Äç‚ò†Ô∏èLincoln Voterüè¥‚Äç‚ò†Ô∏è,2554,0,[]
1374531918629326851,"@RepSwalwell In 22 years 1,300 were killed in mass gun shootings , auto accidents ? Over 880,000. We need car control !",03/24/2021,1374341231300517891,bubba gump,1,0,"[{'screen_name': 'RepSwalwell', 'name': 'Rep. Eric Swalwell', 'id': 942156122, 'id_str': '942156122', 'indices': [0, 12]}]"
1374531848970194945,"@RepSwalwell We have for 20 years. I was 12 when Columbine happened, and they sent us all home from Jr.High, and we https://t.co/FHnYLDNJZn",03/24/2021,16793140,E,191,0,"[{'screen_name': 'RepSwalwell', 'name': 'Rep. Eric Swalwell', 'id': 942156122, 'id_str': '942156122', 'indices': [0, 12]}]"
1374531779382611971,"@Lawrence @RepSwalwell In 22 years 1,300 were killed in mass gun shootings , auto accidents ? Over 880,000. We need car control !",03/24/2021,1374341231300517891,bubba gump,1,0,"[{'screen_name': 'Lawrence', 'name': ""Lawrence O'Donnell"", 'id': 158426909, 'id_str': '158426909', 'indices': [0, 9]}, {'screen_name': 'RepSwalwell', 'name': 'Rep. Eric Swalwell', 'id': 942156122, 'id_str': '942156122', 'indices': [10, 22]}]"
1374531668233625600,"RT @PeaceTriumped: @RepSwalwell @DunnTelvin ""We The  People"" have a right to not allow this to continue.  Things need to change.   Your rig",03/24/2021,1276134388137410560,"Peace,Now,everyone",2181,1,"[{'screen_name': 'PeaceTriumped', 'name': 'Peace,Now,everyone', 'id': 1276134388137410560, 'id_str': '1276134388137410560', 'indices': [3, 17]}, {'screen_name': 'RepSwalwell', 'name': 'Rep. Eric Swalwell', 'id': 942156122, 'id_str': '942156122', 'indices': [19, 31]}, {'screen_name': 'DunnTelvin', 'name': 'T Elvin Dunn', 'id': 2206224970, 'id_str': '2206224970', 'indices': [32, 43]}]"
1374531496560660484,RT @CynBlogger: @RepSwalwell We also have a failed US Senate who REFUSES to follow the will of their constituents! https://t.co/z9iMvHpOBG,03/24/2021,867913906152292352,annie,5034,1,"[{'screen_name': 'CynBlogger', 'name': 'CynBlogger‚Ñ¢Ô∏è, MASKS SAVE LIVES - WEAR 1 or 2!', 'id': 61225261, 'id_str': '61225261', 'indices': [3, 14]}, {'screen_name': 'RepSwalwell', 'name': 'Rep. Eric Swalwell', 'id': 942156122, 'id_str': '942156122', 'indices': [16, 28]}]"
1374531377492803691,@GSW2016 @CynthiaPeet @RepSwalwell yeah. but i have access to those things and would never think to use them.  agai https://t.co/9PPEM0SE8Y,03/24/2021,1148244254394920962,woodenbiker,31,0,"[{'screen_name': 'GSW2016', 'name': 'GSW2016', 'id': 563898187, 'id_str': '563898187', 'indices': [0, 8]}, {'screen_name': 'CynthiaPeet', 'name': 'Cynthia Peet', 'id': 702800403, 'id_str': '702800403', 'indices': [9, 21]}, {'screen_name': 'RepSwalwell', 'name': 'Rep. Eric Swalwell', 'id': 942156122, 'id_str': '942156122', 'indices': [22, 34]}]"
1374531279681515520,@RepSwalwell Republicans are not going to allow you to take their guns and it looks like the time to even pass smar https://t.co/SJm0VdgtPZ,03/24/2021,1084650864,Maxi,222,0,"[{'screen_name': 'RepSwalwell', 'name': 'Rep. Eric Swalwell', 'id': 942156122, 'id_str': '942156122', 'indices': [0, 12]}]"
1374531226854248461,@sandibachom @60Minutes @kamalaharris @VP @TeamPelosi @SpeakerPelosi @RepAdamSchiff @POTUS @joeBiden @SenWhitehouse https://t.co/XJd1YW7SU5,03/24/2021,30043230,rockchics,544,1,"[{'screen_name': 'sandibachom', 'name': 'Sandi Bachom', 'id': 17027632, 'id_str': '17027632', 'indices': [0, 12]}, {'screen_name': '60Minutes', 'name': '60 Minutes', 'id': 18812572, 'id_str': '18812572', 'indices': [13, 23]}, {'screen_name': 'KamalaHarris', 'name': 'Kamala Harris', 'id': 30354991, 'id_str': '30354991', 'indices': [24, 37]}, {'screen_name': 'VP', 'name': 'Vice President Kamala Harris', 'id': 803694179079458816, 'id_str': '803694179079458816', 'indices': [38, 41]}, {'screen_name': 'TeamPelosi', 'name': 'Nancy Pelosi', 'id': 2461810448, 'id_str': '2461810448', 'indices': [42, 53]}, {'screen_name': 'SpeakerPelosi', 'name': 'Nancy Pelosi', 'id': 15764644, 'id_str': '15764644', 'indices': [54, 68]}, {'screen_name': 'RepAdamSchiff', 'name': 'Adam Schiff', 'id': 29501253, 'id_str': '29501253', 'indices': [69, 83]}, {'screen_name': 'POTUS', 'name': 'President Biden', 'id': 1349149096909668363, 'id_str': '1349149096909668363', 'indices': [84, 90]}, {'screen_name': 'JoeBiden', 'name': 'Joe Biden', 'id': 939091, 'id_str': '939091', 'indices': [91, 100]}, {'screen_name': 'SenWhitehouse', 'name': 'Sheldon Whitehouse', 'id': 242555999, 'id_str': '242555999', 'indices': [101, 115]}]"
1374531217970761728,"Please do something 
@SenAlexPadilla @SenFeinstein 
@RepBarbaraLee @RepSwalwell https://t.co/aRM8zu0Sgp",03/24/2021,15081511,Marcella L.,780,0,"[{'screen_name': 'SenAlexPadilla', 'name': 'Senator Alex Padilla', 'id': 1351236267707654145, 'id_str': '1351236267707654145', 'indices': [23, 38]}, {'screen_name': 'SenFeinstein', 'name': 'Senator Dianne Feinstein', 'id': 476256944, 'id_str': '476256944', 'indices': [39, 52]}, {'screen_name': 'RepBarbaraLee', 'name': 'Rep. Barbara Lee', 'id': 248735463, 'id_str': '248735463', 'indices': [54, 68]}, {'screen_name': 'RepSwalwell', 'name': 'Rep. Eric Swalwell', 'id': 942156122, 'id_str': '942156122', 'indices': [69, 81]}]"
1374531083044282368,@burningplat And let's not forget to mention China Spy Pussy Boy @RepSwalwell https://t.co/oG5siJUclA,03/24/2021,33327995,Rick Mathews,318,0,"[{'screen_name': 'burningplat', 'name': 'The Burning Platform', 'id': 4917059115, 'id_str': '4917059115', 'indices': [0, 12]}, {'screen_name': 'RepSwalwell', 'name': 'Rep. Eric Swalwell', 'id': 942156122, 'id_str': '942156122', 'indices': [65, 77]}]"
1374530968934043652,RT @kikirusty: @mtgreenee @VP @IlhanMN @ericswalwell @RepSwalwell should sue @mtgreenee for slander,03/24/2021,128390424,Pat Gile,546,3,"[{'screen_name': 'kikirusty', 'name': ""Devin's Cow's Accountant"", 'id': 805754953, 'id_str': '805754953', 'indices': [3, 13]}, {'screen_name': 'mtgreenee', 'name': 'Marjorie Taylor Greene üá∫üá∏', 'id': 826065164504006657, 'id_str': '826065164504006657', 'indices': [15, 25]}, {'screen_name': 'VP', 'name': 'Vice President Kamala Harris', 'id': 803694179079458816, 'id_str': '803694179079458816', 'indices': [26, 29]}, {'screen_name': 'IlhanMN', 'name': 'Ilhan Omar', 'id': 783792992, 'id_str': '783792992', 'indices': [30, 38]}, {'screen_name': 'ericswalwell', 'name': 'Eric Swalwell', 'id': 377609596, 'id_str': '377609596', 'indices': [39, 52]}, {'screen_name': 'RepSwalwell', 'name': 'Rep. Eric Swalwell', 'id': 942156122, 'id_str': '942156122', 'indices': [53, 65]}, {'screen_name': 'mtgreenee', 'name': 'Marjorie Taylor Greene üá∫üá∏', 'id': 826065164504006657, 'id_str': '826065164504006657', 'indices': [77, 87]}]"
1374530853414477825,"@RepSwalwell Ya think??

I just dont get your national obsession with guns and gun rights that always trump the ri https://t.co/WLp0JYRifL",03/24/2021,156116700,Kim Kitaiüá®üá¶üá¶üá∑,312,0,"[{'screen_name': 'RepSwalwell', 'name': 'Rep. Eric Swalwell', 'id': 942156122, 'id_str': '942156122', 'indices': [0, 12]}]"
1374530820497547265,@kamalaharris @VP @TeamPelosi @SpeakerPelosi @RepAdamSchiff @POTUS @joeBiden @SenWhitehouse @tedlieu @amyklobuchar https://t.co/macfedlZng,03/24/2021,30043230,rockchics,544,0,"[{'screen_name': 'KamalaHarris', 'name': 'Kamala Harris', 'id': 30354991, 'id_str': '30354991', 'indices': [0, 13]}, {'screen_name': 'VP', 'name': 'Vice President Kamala Harris', 'id': 803694179079458816, 'id_str': '803694179079458816', 'indices': [14, 17]}, {'screen_name': 'TeamPelosi', 'name': 'Nancy Pelosi', 'id': 2461810448, 'id_str': '2461810448', 'indices': [18, 29]}, {'screen_name': 'SpeakerPelosi', 'name': 'Nancy Pelosi', 'id': 15764644, 'id_str': '15764644', 'indices': [30, 44]}, {'screen_name': 'RepAdamSchiff', 'name': 'Adam Schiff', 'id': 29501253, 'id_str': '29501253', 'indices': [45, 59]}, {'screen_name': 'POTUS', 'name': 'President Biden', 'id': 1349149096909668363, 'id_str': '1349149096909668363', 'indices': [60, 66]}, {'screen_name': 'JoeBiden', 'name': 'Joe Biden', 'id': 939091, 'id_str': '939091', 'indices': [67, 76]}, {'screen_name': 'SenWhitehouse', 'name': 'Sheldon Whitehouse', 'id': 242555999, 'id_str': '242555999', 'indices': [77, 91]}, {'screen_name': 'tedlieu', 'name': 'Ted Lieu', 'id': 21059255, 'id_str': '21059255', 'indices': [92, 100]}, {'screen_name': 'amyklobuchar', 'name': 'Amy Klobuchar', 'id': 33537967, 'id_str': '33537967', 'indices': [101, 114]}]"
1374530795851841541,@elihbeckman @kamalaharris @VP @TeamPelosi @SpeakerPelosi @RepAdamSchiff @POTUS @joeBiden @SenWhitehouse @tedlieu https://t.co/k5hrAD5heL,03/24/2021,30043230,rockchics,544,0,"[{'screen_name': 'elihbeckman', 'name': 'Eli Beckman', 'id': 2984781465, 'id_str': '2984781465', 'indices': [0, 12]}, {'screen_name': 'KamalaHarris', 'name': 'Kamala Harris', 'id': 30354991, 'id_str': '30354991', 'indices': [13, 26]}, {'screen_name': 'VP', 'name': 'Vice President Kamala Harris', 'id': 803694179079458816, 'id_str': '803694179079458816', 'indices': [27, 30]}, {'screen_name': 'TeamPelosi', 'name': 'Nancy Pelosi', 'id': 2461810448, 'id_str': '2461810448', 'indices': [31, 42]}, {'screen_name': 'SpeakerPelosi', 'name': 'Nancy Pelosi', 'id': 15764644, 'id_str': '15764644', 'indices': [43, 57]}, {'screen_name': 'RepAdamSchiff', 'name': 'Adam Schiff', 'id': 29501253, 'id_str': '29501253', 'indices': [58, 72]}, {'screen_name': 'POTUS', 'name': 'President Biden', 'id': 1349149096909668363, 'id_str': '1349149096909668363', 'indices': [73, 79]}, {'screen_name': 'JoeBiden', 'name': 'Joe Biden', 'id': 939091, 'id_str': '939091', 'indices': [80, 89]}, {'screen_name': 'SenWhitehouse', 'name': 'Sheldon Whitehouse', 'id': 242555999, 'id_str': '242555999', 'indices': [90, 104]}, {'screen_name': 'tedlieu', 'name': 'Ted Lieu', 'id': 21059255, 'id_str': '21059255', 'indices': [105, 113]}]"
1374530503500513280,"@RepSwalwell It's not going to change until we no longer have a toxic political party and ""news"" network that promo https://t.co/kXidFsQrXj",03/24/2021,3090024696,John Morgan,24,0,"[{'screen_name': 'RepSwalwell', 'name': 'Rep. Eric Swalwell', 'id': 942156122, 'id_str': '942156122', 'indices': [0, 12]}]"
1374530443840679941,"@RepSwalwell You are correct but sadly no one in politics local, state or federal will ever do anything about it! Sad truth!",03/24/2021,865815044235317248,Janet Kreiner,3,0,"[{'screen_name': 'RepSwalwell', 'name': 'Rep. Eric Swalwell', 'id': 942156122, 'id_str': '942156122', 'indices': [0, 12]}]"
1374530371933630464,"@RepSwalwell @DunnTelvin ""We The  People"" have a right to not allow this to continue.  Things need to change.   You https://t.co/xCQsIISKX0",03/24/2021,1276134388137410560,"Peace,Now,everyone",2181,1,"[{'screen_name': 'RepSwalwell', 'name': 'Rep. Eric Swalwell', 'id': 942156122, 'id_str': '942156122', 'indices': [0, 12]}, {'screen_name': 'DunnTelvin', 'name': 'T Elvin Dunn', 'id': 2206224970, 'id_str': '2206224970', 'indices': [13, 24]}]"
1374530364081856515,"@dwightivy_ivy @RepSwalwell Absolutely, just like car companies need to be held responsible for DUI deaths in their vehicles",03/24/2021,538256339,1 Pack 1 Goal,155,0,"[{'screen_name': 'dwightivy_ivy', 'name': 'dwight ivy', 'id': 931123561, 'id_str': '931123561', 'indices': [0, 14]}, {'screen_name': 'RepSwalwell', 'name': 'Rep. Eric Swalwell', 'id': 942156122, 'id_str': '942156122', 'indices': [15, 27]}]"
1374529705907527690,"@RepSwalwell We sure do, what are you going to do about it?",03/24/2021,1148568782,Bobby (Wear A Mask) Splane üá∫üá∏,28,0,"[{'screen_name': 'RepSwalwell', 'name': 'Rep. Eric Swalwell', 'id': 942156122, 'id_str': '942156122', 'indices': [0, 12]}]"
1374529068222283776,"RT @PeaceTriumped: @RepSwalwell @DunnTelvin  yes to background checks, and psychiatric  evaluations.  A psych evaluation  with the clear",03/24/2021,1276134388137410560,"Peace,Now,everyone",2181,2,"[{'screen_name': 'PeaceTriumped', 'name': 'Peace,Now,everyone', 'id': 1276134388137410560, 'id_str': '1276134388137410560', 'indices': [3, 17]}, {'screen_name': 'RepSwalwell', 'name': 'Rep. Eric Swalwell', 'id': 942156122, 'id_str': '942156122', 'indices': [19, 31]}, {'screen_name': 'DunnTelvin', 'name': 'T Elvin Dunn', 'id': 2206224970, 'id_str': '2206224970', 'indices': [32, 43]}]"
1374528817591508998,"RT @davidmweissman: Ok Republicans, where in the United States Constitution does it say that National background checks are illegal? I'll w",03/24/2021,1315173176649764864,Tacoman92,27,251,"[{'screen_name': 'davidmweissman', 'name': 'David Weissman', 'id': 880018682, 'id_str': '880018682', 'indices': [3, 18]}]"
1374528702684430343,@RepSwalwell We have street violence shootings in America too!!!!!,03/24/2021,1350094398315368450,Criccy,12,0,"[{'screen_name': 'RepSwalwell', 'name': 'Rep. Eric Swalwell', 'id': 942156122, 'id_str': '942156122', 'indices': [0, 12]}]"
1374527944736006151,@RepSwalwell It may even help prevent Asian spies from infiltrating our government!!!,03/24/2021,1217328765631594496,BiPartisan Artisan,62,0,"[{'screen_name': 'RepSwalwell', 'name': 'Rep. Eric Swalwell', 'id': 942156122, 'id_str': '942156122', 'indices': [0, 12]}]"
1374527940311023618,@AtomicCule @RepSwalwell We Must Demand. Never Waiver.,03/24/2021,3409139020,Eddie Ruelas,23,0,"[{'screen_name': 'AtomicCule', 'name': 'Razor', 'id': 576518138, 'id_str': '576518138', 'indices': [0, 11]}, {'screen_name': 'RepSwalwell', 'name': 'Rep. Eric Swalwell', 'id': 942156122, 'id_str': '942156122', 'indices': [12, 24]}]"
1374527836195713032,@RepSwalwell @OptimusMatrix @GOPLeader Say his name,03/24/2021,1365499870878949376,Capturing Cars,3,0,"[{'screen_name': 'RepSwalwell', 'name': 'Rep. Eric Swalwell', 'id': 942156122, 'id_str': '942156122', 'indices': [0, 12]}, {'screen_name': 'OptimusMatrix', 'name': 'Optimus Matrix', 'id': 33328666, 'id_str': '33328666', 'indices': [13, 27]}, {'screen_name': 'GOPLeader', 'name': 'Kevin McCarthy', 'id': 19739126, 'id_str': '19739126', 'indices': [28, 38]}]"
1374527772488388614,RT @GDnkr: @SaveH4EADs @SecMayorkas @RepBonnie L2 visa extn processing dates have moved back a year to nov 2019 California center. By the t,03/24/2021,2953738692,nkrvjm,11,4,"[{'screen_name': 'GDnkr', 'name': 'GDnkr', 'id': 1356762486385438721, 'id_str': '1356762486385438721', 'indices': [3, 9]}, {'screen_name': 'SaveH4EADs', 'name': 'Save H4EAD', 'id': 969438942666801153, 'id_str': '969438942666801153', 'indices': [11, 22]}, {'screen_name': 'SecMayorkas', 'name': 'Secretary Alejandro Mayorkas', 'id': 1363682447695765510, 'id_str': '1363682447695765510', 'indices': [23, 35]}, {'screen_name': 'RepBonnie', 'name': 'Rep. Bonnie Watson Coleman', 'id': 2968451607, 'id_str': '2968451607', 'indices': [36, 46]}]"
1374527766411022337,"RT @AdamJNicolai: @RepSwalwell Democrats, reform the filibuster and get to work. Blood is on our hands every minute we delay. If you are Ma",03/24/2021,3409139020,Eddie Ruelas,23,5,"[{'screen_name': 'AdamJNicolai', 'name': 'Adam J Nicolai', 'id': 562589038, 'id_str': '562589038', 'indices': [3, 16]}, {'screen_name': 'RepSwalwell', 'name': 'Rep. Eric Swalwell', 'id': 942156122, 'id_str': '942156122', 'indices': [18, 30]}]"
1374527572655099905,@RepSwalwell Get it Done. Too much Talk. Too much Granstanding by your peers. Work for your Constituents. End the senseless Killings!,03/24/2021,3409139020,Eddie Ruelas,23,0,"[{'screen_name': 'RepSwalwell', 'name': 'Rep. Eric Swalwell', 'id': 942156122, 'id_str': '942156122', 'indices': [0, 12]}]"
1374527464248991746,RT @GDnkr: @SaveH4EADs @SecMayorkas @RepBonnie L2 visa extn processing dates have moved back a year to nov 2019 California center. By the t,03/24/2021,1356762486385438721,GDnkr,1,4,"[{'screen_name': 'GDnkr', 'name': 'GDnkr', 'id': 1356762486385438721, 'id_str': '1356762486385438721', 'indices': [3, 9]}, {'screen_name': 'SaveH4EADs', 'name': 'Save H4EAD', 'id': 969438942666801153, 'id_str': '969438942666801153', 'indices': [11, 22]}, {'screen_name': 'SecMayorkas', 'name': 'Secretary Alejandro Mayorkas', 'id': 1363682447695765510, 'id_str': '1363682447695765510', 'indices': [23, 35]}, {'screen_name': 'RepBonnie', 'name': 'Rep. Bonnie Watson Coleman', 'id': 2968451607, 'id_str': '2968451607', 'indices': [36, 46]}]"
1374527278772719617,@RepSwalwell A thought: GOP argues the extreme position that any gun legislation is a slippery slope. Try proposing https://t.co/px44f4PGRp,03/24/2021,140163338,Mr. Mordenüá∫üá∏,2065,0,"[{'screen_name': 'RepSwalwell', 'name': 'Rep. Eric Swalwell', 'id': 942156122, 'id_str': '942156122', 'indices': [0, 12]}]"
1374527192634331141,@RepSwalwell Renew Clinton-era limits,03/24/2021,15349690,Morrigoon,206,0,"[{'screen_name': 'RepSwalwell', 'name': 'Rep. Eric Swalwell', 'id': 942156122, 'id_str': '942156122', 'indices': [0, 12]}]"
1374527127391985665,"RT @PeaceTriumped: @RepSwalwell @DunnTelvin  yes to background checks, and psychiatric  evaluations.  A psych evaluation  with the clear",03/24/2021,1307626436,Helene lastüá∫üá∏,23199,2,"[{'screen_name': 'PeaceTriumped', 'name': 'Peace,Now,everyone', 'id': 1276134388137410560, 'id_str': '1276134388137410560', 'indices': [3, 17]}, {'screen_name': 'RepSwalwell', 'name': 'Rep. Eric Swalwell', 'id': 942156122, 'id_str': '942156122', 'indices': [19, 31]}, {'screen_name': 'DunnTelvin', 'name': 'T Elvin Dunn', 'id': 2206224970, 'id_str': '2206224970', 'indices': [32, 43]}]"
1374527102024749072,"RT @MMable: @yd52 @RepSwalwell @gmaof2b No, they have a constitutional right to kill us in a hail of bullets.",03/24/2021,819979447814078464,GmaVicki,2702,1,"[{'screen_name': 'MMable', 'name': 'Mary Mable', 'id': 40106475, 'id_str': '40106475', 'indices': [3, 10]}, {'screen_name': 'yd52', 'name': 'bob cox', 'id': 71895505, 'id_str': '71895505', 'indices': [12, 17]}, {'screen_name': 'RepSwalwell', 'name': 'Rep. Eric Swalwell', 'id': 942156122, 'id_str': '942156122', 'indices': [18, 30]}, {'screen_name': 'gmaof2b', 'name': 'GmaVicki', 'id': 819979447814078464, 'id_str': '819979447814078464', 'indices': [31, 39]}]"
1374526874655801353,"@southOhusker @RepSwalwell Provide evidence that EVER a ""good guy"" with an automatic weapon EVER intervened in one https://t.co/SIRO9ByW7k",03/24/2021,1301604256907243520,VT Frightened White Suburban Housewife,200,0,"[{'screen_name': 'southOhusker', 'name': 'Doc Holliday', 'id': 426147492, 'id_str': '426147492', 'indices': [0, 13]}, {'screen_name': 'RepSwalwell', 'name': 'Rep. Eric Swalwell', 'id': 942156122, 'id_str': '942156122', 'indices': [14, 26]}]"
1374526398447054855,"@RepSwalwell Get rid of dejoy
https://t.co/bKN7m43rMb",03/24/2021,1004172282103619584,Shiny,654,0,"[{'screen_name': 'RepSwalwell', 'name': 'Rep. Eric Swalwell', 'id': 942156122, 'id_str': '942156122', 'indices': [0, 12]}]"
1374526350430593025,@RepSwalwell Ya think? Omg!,03/24/2021,936303650472726528,Alihed,1,0,"[{'screen_name': 'RepSwalwell', 'name': 'Rep. Eric Swalwell', 'id': 942156122, 'id_str': '942156122', 'indices': [0, 12]}]"
1374525944510119937,"@RepSwalwell No shit, weve had a mass shooting problem for FAR too long with nothing done about it!",03/24/2021,1042536892233904128,MtnDem üá∫üá∏,190,0,"[{'screen_name': 'RepSwalwell', 'name': 'Rep. Eric Swalwell', 'id': 942156122, 'id_str': '942156122', 'indices': [0, 12]}]"
1374525798451847170,And have for many years. https://t.co/AsX9N1Y4Xm,03/24/2021,135191649,Mahari Mengistu,3891,0,[]
1374525095918542856,@davidmweissman @tedlieu @RepSwalwell @DickDurbin @SenDuckworth @votevets @AdamKinzinger @AOC @IlhanMN And still no https://t.co/t3SseNj7NE,03/24/2021,573877330,Tanfran,15,0,"[{'screen_name': 'davidmweissman', 'name': 'David Weissman', 'id': 880018682, 'id_str': '880018682', 'indices': [0, 15]}, {'screen_name': 'tedlieu', 'name': 'Ted Lieu', 'id': 21059255, 'id_str': '21059255', 'indices': [16, 24]}, {'screen_name': 'RepSwalwell', 'name': 'Rep. Eric Swalwell', 'id': 942156122, 'id_str': '942156122', 'indices': [25, 37]}, {'screen_name': 'DickDurbin', 'name': 'Dick Durbin', 'id': 308794407, 'id_str': '308794407', 'indices': [38, 49]}, {'screen_name': 'SenDuckworth', 'name': 'Tammy Duckworth', 'id': 1058520120, 'id_str': '1058520120', 'indices': [50, 63]}, {'screen_name': 'votevets', 'name': 'VoteVets', 'id': 16513335, 'id_str': '16513335', 'indices': [64, 73]}, {'screen_name': 'AdamKinzinger', 'name': 'Adam Kinzinger', 'id': 18004222, 'id_str': '18004222', 'indices': [74, 88]}, {'screen_name': 'AOC', 'name': 'Alexandria Ocasio-Cortez', 'id': 138203134, 'id_str': '138203134', 'indices': [89, 93]}, {'screen_name': 'IlhanMN', 'name': 'Ilhan Omar', 'id': 783792992, 'id_str': '783792992', 'indices': [94, 102]}]"
1374524647564316672,RT @JMCHEVALIER: @harrylitman @MuellerSheWrote Baer installed Sherwin to quash the investigation into Egypts donation of $10mil to trumps c,03/24/2021,36059101,Dawn Donaldson,213,17,"[{'screen_name': 'JMCHEVALIER', 'name': 'J-M Chevalier', 'id': 35205279, 'id_str': '35205279', 'indices': [3, 15]}, {'screen_name': 'harrylitman', 'name': 'Harry Litman', 'id': 817787882395955200, 'id_str': '817787882395955200', 'indices': [17, 29]}, {'screen_name': 'MuellerSheWrote', 'name': 'Mueller, She Wrote', 'id': 926164634570067968, 'id_str': '926164634570067968', 'indices': [30, 46]}]"
1374524162308513792,@RepSwalwell NO WE HAVE A DEMOCRATIC COMMUNIST PARTY PROBLEM AND YOU ARE PART OF IT.,03/24/2021,1353456371186888709,fozz chronicles,1,0,"[{'screen_name': 'RepSwalwell', 'name': 'Rep. Eric Swalwell', 'id': 942156122, 'id_str': '942156122', 'indices': [0, 12]}]"
1374524120705032193,@albertoomar64 @RepSwalwell Not just AR-15s but ALL assault type weapons designed for war and mass killing.,03/24/2021,563898187,GSW2016,14,0,"[{'screen_name': 'albertoomar64', 'name': 'Alberto Omar', 'id': 940570785776918535, 'id_str': '940570785776918535', 'indices': [0, 14]}, {'screen_name': 'RepSwalwell', 'name': 'Rep. Eric Swalwell', 'id': 942156122, 'id_str': '942156122', 'indices': [15, 27]}]"
1374524053285961728,"@JGaffneyUSN What he said!

@ejeancarroll @elzey_t @RepSwalwell @itsJeffTiedrich @DanRather @StewartWeb https://t.co/B3LR4gPZId",03/24/2021,2475768654,Hoojfan,4701,0,"[{'screen_name': 'JGaffneyUSN', 'name': 'Jonathan Gaffney üá∫üá∏', 'id': 841385187049132033, 'id_str': '841385187049132033', 'indices': [0, 12]}, {'screen_name': 'ejeancarroll', 'name': 'E. Jean Carroll', 'id': 15740776, 'id_str': '15740776', 'indices': [30, 43]}, {'screen_name': 'elzey_t', 'name': 'WTF', 'id': 804677905150316545, 'id_str': '804677905150316545', 'indices': [44, 52]}, {'screen_name': 'RepSwalwell', 'name': 'Rep. Eric Swalwell', 'id': 942156122, 'id_str': '942156122', 'indices': [53, 65]}, {'screen_name': 'itsJeffTiedrich', 'name': 'Jeff Tiedrich', 'id': 1009577803304656896, 'id_str': '1009577803304656896', 'indices': [66, 82]}, {'screen_name': 'DanRather', 'name': 'Dan Rather', 'id': 36711022, 'id_str': '36711022', 'indices': [83, 93]}, {'screen_name': 'StewartWeb', 'name': 'Douglas Stewart', 'id': 812719432724336640, 'id_str': '812719432724336640', 'indices': [94, 105]}]"
1374523948910538754,"@CynthiaPeet @RepSwalwell Well regulated militia, not unregulated militia, there is nothing well regulated ab https://t.co/dOUkYuhuwW",03/24/2021,77807937,Aun ¬´Skippern¬ª Johnsen,101,0,"[{'screen_name': 'CynthiaPeet', 'name': 'Cynthia Peet', 'id': 702800403, 'id_str': '702800403', 'indices': [0, 12]}, {'screen_name': 'RepSwalwell', 'name': 'Rep. Eric Swalwell', 'id': 942156122, 'id_str': '942156122', 'indices': [13, 25]}]"
1374523856052838403,@RepSwalwell @loganberry2020 CRUZ NEEDS TO BE EXPELLED FROM ALL THINGS CANT STAND LISTENING TO CREEPS WHO HAVE NO B https://t.co/4jkmhyovUK,03/24/2021,1299741715482329089,Chocky Buboo,114,0,"[{'screen_name': 'RepSwalwell', 'name': 'Rep. Eric Swalwell', 'id': 942156122, 'id_str': '942156122', 'indices': [0, 12]}, {'screen_name': 'loganberry2020', 'name': 'CLoganberry2020', 'id': 1179248750629285888, 'id_str': '1179248750629285888', 'indices': [13, 28]}]"
